id,name,skill_icon,skill_damage_chushi,skill_damage_growth,skill_ad_chushi,skill_ad_growth,skill_ap_chushi,skill_ap_chushi,skill_ap_growth,skill_damage_chushi,skill_damage_growth,skill_ad_chushi,skill_ad_growth,skill_ap_chushi,skill_ap_growth,skill_type,skill_ongoing,skill_sing_time,skill_cutdown,skill_cutdownif,skill_cd
int,string,string,int,int,int,int,int,int,int,int,int,int,int,int,int,int,int,int,int,int,int
技能ID,名字,技能图标,技能初始伤害,每升一级增加伤害,ad初始系数,每升一级增加ad系数,ap初始系数,ap初始系数,每升一级增加ap系数,技能初始伤害,每升一级增加伤害,ad初始系数,每升一级增加ad系数,ap初始系数,每升一级增加ap系数,技能类型,是否持续施法,施法吟唱时间,技能能否被打断,能否打断技能,技能冷却时间
20011,魔法吸吮,cxlr_skill1,60,45,0,0,300,300,30,60,45,0,0,300,30,2,2,,0,0,10
20012,烈焰风暴,cxlr_skill2,0,0,0,0,0,0,0,0,0,0,0,0,0,1,2,,0,0,30
20013,虚无,cxlr_skill3,30,20,100,10,0,0,0,30,20,100,10,0,0,2,2,,0,0,6
20014,召唤火凤凰,cxlr_skill4,150,120,0,0,4000,4000,400,150,120,0,0,4000,400,2,2,,0,1,30
20015,暴风雪,cxlr_skill2,0,0,0,0,0,0,0,0,0,0,0,0,0,1,2,,0,0,30
20016,召唤水元素,lqs_skill1,55,35,0,0,1500,1500,150,55,35,0,0,1500,150,2,2,,0,0,6
20017,辉煌光环,lqs_skill2,60,40,400,40,0,0,0,60,40,400,40,0,0,2,2,,0,0,10
20018,群体传送,lqs_skill3,0,0,0,0,0,0,0,0,0,0,0,0,0,1,2,,0,0,30
20019,风暴之锤,lqs_skill4,0,0,0,0,0,0,0,0,0,0,0,0,0,2,2,,0,0,30
20020,雷霆一击,lqs_skill3,0,0,0,0,0,0,0,0,0,0,0,0,0,1,2,,0,0,30
20021,重击,lqs_skill1,80,50,0,0,2500,2500,250,80,50,0,0,2500,250,2,2,,0,0,6
20022,神圣之光,lqs_skill2,120,80,800,80,0,0,0,120,80,800,80,0,0,2,2,,0,1,10
20023,神圣护甲,lqs_skill3,0,0,0,0,0,0,0,0,0,0,0,0,0,1,2,,0,0,30
20024,专注光环,lqs_skill4,0,0,0,0,0,0,0,0,0,0,0,0,0,2,2,,0,0,30
20025,疾步风,lqs_skill3,0,0,0,0,0,0,0,0,0,0,0,0,0,1,2,,0,0,30
20026,致命一击,fw_skill1,250,180,7000,700,0,0,0,250,180,7000,700,0,0,2,2,,0,0,30
20027,镜像,fw_skill2,0,0,0,0,0,0,0,0,0,0,0,0,0,2,2,,0,1,12
20028,剑刃风暴,fw_skill3,60,35,1200,120,0,0,0,60,35,1200,120,0,0,1,2,,0,0,8
20029,闪电链,fw_skill4,0,0,0,0,0,0,0,0,0,0,0,0,0,1,2,,0,0,15
20030,透视,fw_skill4,90,15,15000,150,0,0,0,90,15,15000,150,0,0,1,2,,0,0,15
20031,野兽幽魂,ln_skill4,80,60,0,0,700,700,70,80,60,0,0,700,70,2,2,,0,1,12
20032,地震,ln_skill2,50,40,400,40,0,0,0,50,40,400,40,0,0,2,2,,0,1,8
20033,医疗波,ln_skill1,180,150,0,0,4000,4000,400,180,150,0,0,4000,400,2,2,,0,1,30
20034,毒蛇守卫,ln_skill3,90,15,9000,90,0,0,0,90,15,9000,90,0,0,1,2,,0,0,1
20035,妖术,ln_skill3,90,15,9000,90,0,0,0,90,15,9000,90,0,0,1,2,,0,0,1
20036,巫毒,cz_skill3,200,180,0,0,6500,6500,650,200,180,0,0,6500,650,2,2,,0,1,30
20037,震荡波,cz_skill4,120,80,0,0,3000,3000,300,120,80,0,0,3000,300,2,2,,0,0,8
20038,耐久光环,cz_skill1,80,60,0,0,3000,3000,300,80,60,0,0,3000,300,2,2,,0,1,10
20039,战争践踏,cz_skill2,90,15,15000,150,0,0,0,90,15,15000,150,0,0,1,2,,0,0,1
20040,重生,cz_skill2,90,15,15000,150,0,0,0,90,15,15000,150,0,0,1,2,,0,0,1
20041,法力燃烧,268,60,40,0,0,3000,3000,300,60,40,0,0,3000,300,2,2,,0,1,12
20042,献祭,265,75,12,11250,112.5,0,0,0,75,12,11250,112.5,0,0,2,,,,0,18
20043,闪避,267,220,180,6000,600,0,0,0,220,180,6000,600,0,0,2,,,,0,8
20044,变身,266,180,150,5500,550,0,0,0,180,150,5500,550,0,0,2,,,,0,30
20045,纠缠根须,265,0,0,0,0,0,0,0,0,0,0,0,0,0,1,,,,1,15
20046,自然之力,277,0,0,0,0,0,0,0,0,0,0,0,0,0,2,,,,1,30
20047,荆棘光环,278,0,0,0,0,0,0,0,0,0,0,0,0,0,2,,,,0,0
20048,宁静,280,0,0,0,0,0,0,0,0,0,0,0,0,0,2,,,,1,0
20049,灼热之箭,279,0,0,0,0,0,0,0,0,0,0,0,0,0,1,,,,0,0
20050,强击光环,279,0,0,0,0,0,0,0,0,0,0,0,0,0,1,,,,0,0
20051,群星坠落,276,60,40,1000,100,1000,1000,100,60,40,1000,100,1000,100,2,,,0,0,8
20052,闪烁,275,0,0,0,0,0,0,0,0,0,0,0,0,0,1,,,0,0,1
20053,刀阵旋风,274,0,0,0,0,0,0,0,0,0,0,0,0,0,1,,,0,0,16
20054,暗影突袭,273,0,0,0,0,0,0,0,0,0,0,0,0,0,2,,,0,0,30
20055,复仇之魂,275,0,0,0,0,0,0,0,0,0,0,0,0,0,1,,,0,0,1
20056,穿刺,281,180,150,0,0,4000,4000,400,180,150,0,0,4000,400,2,2,,0,1,30
20057,腐尸甲虫,284,80,60,1500,150,0,0,0,80,60,1500,150,0,0,2,2,,0,0,6
20058,蝗虫群,283,0,0,0,0,0,0,0,0,0,0,0,0,0,1,2,,0,0,12
20059,尖刺外壳,282,0,0,0,0,0,0,0,0,0,0,0,0,0,1,2,,0,0,0
20060,死亡缠绕,282,0,0,0,0,0,0,0,0,0,0,0,0,0,1,2,,0,0,0
20061,死亡契约, ,0,0,0,0,0,0,0,0,0,0,0,0,0,2,,,,1,0
20062,邪恶光环, ,0,0,0,0,0,0,0,0,0,0,0,0,0,2,,,,0,0
20063,操纵死尸, ,0,0,0,0,0,0,0,0,0,0,0,0,0,,,,,,0
20064,腐臭蜂群, ,0,0,0,0,0,0,0,0,0,0,0,0,0,2,,,,0,30
20065,睡眠, ,0,0,0,0,0,0,0,0,0,0,0,0,0,2,,,,0,0
20066,吸血光环,62,80,80,0,0,800,800,80,80,80,0,0,800,80,2,2,,0,1,8
20067,地狱火,61,0,0,0,0,0,0,0,0,0,0,0,0,0,2,2,,0,0,15
20068,霜冻新星,60,200,200,5000,500,0,0,0,200,200,5000,500,0,0,2,2,,0,0,30
20069,霜冻护甲,59,0,0,0,0,0,0,0,0,0,0,0,0,0,1,2,,0,0,120
20070,黑暗仪式,60,195,45,45000,450,0,0,0,195,45,45000,450,0,0,2,2,,0,0,0
20071,死亡凋零,323,0,0,0,0,0,0,0,0,0,0,0,0,0,2,0,,0,1,30
20072,魔法护盾,322,0,0,0,0,0,0,0,0,0,0,0,0,0,2,,,,0,0
20073,叉状闪电,324,0,0,0,0,0,0,0,0,0,0,0,0,0,2,,,,1,0
20074,霜冻之箭,321,0,0,0,0,0,0,0,0,0,0,0,0,0,2,,,,0,0
20075,龙卷风,321,0,0,0,0,0,0,0,0,0,0,0,0,0,2,,,,0,0
20076,恐怖嚎叫,57,0,0,0,0,0,0,0,0,0,0,0,0,0,2,,,,1,30
20077,火焰雨,56,0,0,0,0,0,0,0,0,0,0,0,0,0,2,,,,0,0
20078,分裂攻击,58,0,0,0,0,0,0,0,0,0,0,0,0,0,1,,,,1,0
20079,毁灭,55,0,0,0,0,0,0,0,0,0,0,0,0,0,2,,,,0,0
20080,火焰呼吸,55,0,0,0,0,0,0,0,0,0,0,0,0,0,2,,,,0,0
20081,醉拳,272,55,50,780,78,0,0,0,55,50,780,78,0,0,2,2,,0,0,8
20082,醉酒云雾,271,90,75,0,0,2800,2800,280,90,75,0,0,2800,280,2,2,,0,0,14
20083,火土风暴,269,0,0,0,0,0,0,0,0,0,0,0,0,0,1,2,,0,0,20
20084,黑暗之箭,270,0,0,0,0,0,0,0,0,0,0,0,0,0,2,2,,0,0,30
20085,沉默魔法,269,0,0,0,0,0,0,0,0,0,0,0,0,0,1,2,,0,0,20
20086,符咒,230,0,0,0,0,0,0,0,0,0,0,0,0,0,,,,,,0
20087,医疗气雾,319,0,0,0,0,0,0,0,0,0,0,0,0,0,,,,,,0
20088,酸性炸弹,320,0,0,0,0,0,0,0,0,0,0,0,0,0,,,,,,0
20089,化学风暴,318,0,0,0,0,0,0,0,0,0,0,0,0,0,,,,,,0
20090,点金术,334,0,0,0,0,0,0,0,0,0,0,0,0,0,,,,,,0
20091,燃灰,334,0,0,0,0,0,0,0,0,0,0,0,0,0,,,,,,0
20092,灵魂燃烧,225,0,0,0,0,0,0,0,0,0,0,0,0,0,,,,,,0
20093,召唤炎魔,224,0,0,0,0,0,0,0,0,0,0,0,0,0,,,,,,0
20094,火山爆发,223,0,0,0,0,0,0,0,0,0,0,0,0,0,,,,,,0
20095,死亡缠绕,222,,,,,,,,0,0,0,0,0,0,,,,,,0
20096,霜之哀伤,222,,,,,,,,0,0,0,0,0,0,,,,,,0
20097,无光之盾,220,,,,,,,,0,0,0,0,0,0,,,,,,0
20098,回光返照,221,,,,,,,,0,0,0,0,0,0,,,,,,0
20099,回光返照,219,,,,,,,,0,0,0,0,0,0,,,,,,0
20100,震撼大地,218,,,,,,,,0,0,0,0,0,0,,,,,,0
20101,怒意狂击,218,,,,,,,,0,0,0,0,0,0,2,2,,0,0,0
20102,超强力量,159,,,,,,,,0,0,0,0,0,0,1,2,,0,0,0
20103,激怒,158,,,,,,,,0,0,0,0,0,0,2,2,,0,0,0
20104,超强力量,157,,,,,,,,0,0,0,0,0,0,2,2,,0,0,30
20105,变体攻击,156,,,,,,,,0,0,0,0,0,0,2,2,,0,0,0
20106,波浪形态,156,,,,,,,,0,0,0,0,0,0,2,,,0,0,10
20107,元素之力,255,,,,,,,,0,0,0,0,0,0,2,,,,0,12
20108,幻象攻击,256,,,,,,,,0,0,0,0,0,0,2,,,,0,0
20109,幻象攻击,257,,,,,,,,0,0,0,0,0,0,2,,,,0,30
20110,黑暗契约,254,,,,,,,,0,0,0,0,0,0,2,,,,0,0
20111,突袭,254,,,,,,,,80,60,600,60,0,0,2,,,0,0,6
20112,远古咒术,212,,,,,,,,250,220,6000,600,0,0,2,1,,0,0,10
20113,能量守卫,211,,,,,,,,90,15,15000,150,0,0,1,,,0,0,15
20114,能量守卫,213,,,,,,,,0,0,0,0,0,0,2,,,0,0,30
20115,剑刃风暴,214,,,,,,,,90,15,15000,150,0,0,1,,,0,0,15
20116,治疗守卫,215,,,,,,,,0,0,0,0,0,0,2,2,,0,1,0
20117,狂暴,216,,,,,,,,0,0,0,0,0,0,2,2,,0,0,0
20118,无敌斩,217,,,,,,,,0,0,0,0,0,0,2,2,,0,0,0
20119,狂暴,218,,,,,,,,0,0,0,0,0,0,2,2,,0,0,30
20120,月蚀,219,,,,,,,,0,0,0,0,0,0,2,2,,0,0,0
20121,月光,220,,,,,,,,0,0,0,0,0,0,2,2,,0,0,0
20122,月之祝福,221,,,,,,,,0,0,0,0,0,0,2,2,,0,,0
20123,月刃,222,,,,,,,,0,0,0,0,0,0,2,2,,0,0,0
20124,月刃,223,,,,,,,,0,0,0,0,0,0,2,2,,0,1,30
20125,散弹,224,,,,,,,,0,0,0,0,0,0,2,2,,0,1,0
20126,爆头,225,,,,,,,,160,125,3000,300,0,0,2,1,,0,0,15
20127,瞄准,226,,,,,,,,0,0,0,0,0,0,2,2,,0,0,10
20128,暗杀,227,,,,,,,,0,0,0,0,0,0,1,2,,0,0,20
20129,暗杀,228,,,,,,,,280,250,5000,500,0,0,2,1,,0,0,30
20130,毒刃,229,,,,,,,,0,0,0,0,0,0,1,2,,0,0,20
20131,暗杀,230,,,,,,,,0,0,0,0,0,0,2,,,,1,0
20132,飞镖,231,,,,,,,,0,0,0,0,0,0,2,,,,1,0
20133,双刀斩,232,,,,,,,,0,0,0,0,0,0,1,,,,0,0
20134,双刀斩,233,,,,,,,,0,0,0,0,0,0,2,,,,0,30
20135,法力虚空,234,,,,,,,,0,0,0,0,0,0,2,,,,0,0
20136,法术护盾,235,,,,,,,,0,0,0,0,0,0,,,,,,0
20137,心眼,236,,,,,,,,0,0,0,0,0,0,,,,,,0
20138,闪烁,237,,,,,,,,0,0,0,0,0,0,,,,,,0
20139,心眼,238,,,,,,,,0,0,0,0,0,0,,,,,,30
20140,沉默之击,239,,,,,,,,0,0,0,0,0,0,,,,,,0
20141,万箭齐发,240,,,,,,,,0,0,0,0,0,0,2,2,,0,0,0
20142,破甲弓,241,,,,,,,,0,0,0,0,0,0,2,2,,0,0,0
20143,箭破苍穹,242,,,,,,,,0,0,0,0,0,0,2,2,,0,0,0
20144,破甲弓,243,,,,,,,,0,0,0,0,0,0,2,2,,0,0,30
20145,幻影之锋,244,,,,,,,,0,0,0,0,0,0,2,2,,0,0,0
20146,灵魂之矛,245,,,,,,,,160,120,,,5000,500,2,2,,0,1,30
20147,真假猴王,246,,,,,,,,0,0,0,0,0,0,2,2,,0,0,10
20148,幻象一击,247,,,,,,,,0,0,0,0,0,0,1,2,,0,0,1
20149,幻象一击,248,,,,,,,,60,45,600,60,0,0,2,2,,0,1,7
20150,星火之刃,249,,,,,,,,0,0,0,0,0,0,1,2,,0,0,1
20151,群星坠落,250,,,,,,,,60,45,500,50,0,0,2,2,,0,0,12
20152,跳跃,251,,,,,,,,60,45,550,55,0,0,2,2,,0,0,8
20153,月之暗面,252,,,,,,,,0,0,0,0,0,0,1,2,,0,0,1
20154,月之暗面,253,,,,,,,,180,150,,,3500,350,2,2,,0,1,30
20155,折光,254,,,,,,,,0,0,0,0,0,0,1,2,,0,0,1
20156,刺杀,255,,,,,,,,0,0,0,0,0,0,2,2,,0,1,0
20157,灵能之刃,256,,,,,,,,0,0,0,0,0,0,2,2,,0,0,0
20158,灵能陷阱,257,,,,,,,,0,0,0,0,0,0,2,2,,0,0,0
20159,灵能陷阱,258,,,,,,,,0,0,0,0,0,0,2,2,,0,0,30
20160,残影,259,,,,,,,,0,0,0,0,0,0,2,2,,0,0,0
20161,电子涡流,260,,,,,,,,0,0,0,0,0,0,1,,,,0,0
20162,超负荷,261,,,,,,,,0,0,0,0,0,0,2,,,,0,0
20163,球状闪电,262,,,,,,,,0,0,0,0,0,0,2,,,,1,0
20164,球状闪电,263,,,,,,,,0,0,0,0,0,0,1,,,,0,30
20165,幻象法球,264,,,,,,,,0,0,0,0,0,0,1,,,,0,0
20166,新月之痕,265,,,,,,,,0,0,0,0,0,0,2,2,,0,0,0
20167,相位转移,266,,,,,,,,0,0,0,0,0,0,2,2,,0,0,0
20168,梦境缠绕,267,,,,,,,,0,0,0,0,0,0,1,2,,0,0,0
20169,梦境缠绕,268,,,,,,,,0,0,0,0,0,0,2,2,,0,0,30
20170,霜冻新星,269,,,,,,,,0,0,0,0,0,0,2,2,,0,0,0
20171,冰霜护甲,270,,,,,,,,90,15,15000,150,0,0,2,2,,0,0,15
20172,邪恶祭祀,271,,,,,,,,90,15,15000,150,0,0,2,2,,0,0,15
20173,连环霜冻,272,,,,,,,,90,15,15000,150,0,0,,,,,,15
20174,连环霜冻,273,,,,,,,,0,0,0,0,0,0,2,2,,0,0,30
20175,神蚀,274,,,,,,,,0,0,0,0,0,0,2,2,,0,0,60
20176,奥弹,275,,,,,,,,90,15,15000,150,0,0,2,2,,0,0,10
20177,通灵,276,,,,,,,,90,15,15000,150,0,0,2,2,,0,0,10
20178,禁锢,277,,,,,,,,90,15,15000,150,0,0,,,,,,10
20179,禁锢,278,,,,,,,,0,0,0,0,0,0,2,2,,0,0,60
20180,致命连接,279,,,,,,,,0,0,0,0,0,0,2,2,,0,0,60
20181,暗言术,280,,,,,,,,0,0,0,0,0,0,,,,,,0
20182,剧变,281,,,,,,,,0,0,0,0,0,0,,,,,,0
20183,混乱之雨,282,,,,,,,,0,0,0,0,0,0,,,,,,0
20184,混乱之雨,283,,,,,,,,0,0,0,0,0,0,,,,,,0
20185,暗影突袭,284,,,,,,,,0,0,0,0,0,0,,,,,,0
20186,暗影闪烁,285,,,,,,,,250,220,,,9000,900,2,2,,0,0,30
20187,女王魅影,286,,,,,,,,0,0,0,0,0,0,1,1,,0,0,25
20188,超声冲击,287,,,,,,,,50,25,,,550,55,2,2,,1,1,8
20189,女王魅影,288,,,,,,,,0,0,0,0,0,0,1,2,,0,0,0
20190,激光,289,,,,,,,,0,0,0,0,0,0,1,1,,0,0,25
20191,导弹追踪,290,,,,,,,,60,40,2000,200,,,2,2,,0,0,8
20192,炮塔打击,291,,,,,,,,0,0,0,0,0,0,1,2,,0,0,0
20193,再装填,292,,,,,,,,90,75,,,1000,100,1,2,,0,1,0
20194,再装填,293,,,,,,,,0,0,0,0,0,0,2,2,,0,0,30
20195,强袭飓风,294,,,,,,,,0,0,0,0,0,0,1,2,,0,0,0
20196,寒冰之墙,295,,,,,,,,65,40,0,0,1350,135,2,2,,0,0,8
20197,天火陨石,296,,,,,,,,50,30,0,0,1000,100,2,2,,0,1,12
20198,超震声波,297,,,,,,,,0,0,0,0,0,0,1,2,,0,0,1
20199,超震声波,298,,,,,,,,280,240,0,0,7800,780,2,1,,1,0,30
20200,束缚箭,299,,,,,,,,0,0,0,0,0,0,1,2,,0,0,1
20201,箭雨,300,,,,,,,,250,220,0,0,8000,800,2,2,,0,0,30
20202,风行,301,,,,,,,,60,35,0,0,1050,105,2,2,,0,1,10
20203,集中火力,302,,,,,,,,80,45,0,0,1450,145,2,2,,0,0,6
20204,风行,303,,,,,,,,0,0,0,0,0,0,1,2,,0,0,1
20205,雷击,304,,,,,,,,0,0,0,0,0,0,1,2,,0,0,1
20206,弧形闪电,305,,,,,,,,50,30,0,0,1900,190,2,2,,0,0,5
20207,静电场,306,,,,,,,,1,1,0,0,1,1,2,2,,0,1,10
20208,雷霆万钧,307,,,,,,,,180,30,0,0,36000,360,2,2,,0,0,18
20209,静电场,308,,,,,,,,0,0,0,0,0,0,2,2,,0,0,30
20210,发芽,309,,,,,,,,0,0,0,0,0,0,1,2,,0,0,1
20211,传送,310,,,,,,,,0,0,0,0,0,0,,,,,,0
20212,自然之力,311,,,,,,,,0,0,0,0,0,0,,,,,,0
20213,自然之怒,312,,,,,,,,0,0,0,0,0,0,,,,,,0
20214,自然之怒,313,,,,,,,,0,0,0,0,0,0,,,,,,0
20215,暗影波,314,,,,,,,,0,0,0,0,0,0,,,,,,0
20216,薄葬,315,,,,,,,,0,0,0,0,0,0,,,,,,0
20217,毒指,316,,,,,,,,0,0,0,0,0,0,,,,,,0
20218,编织,317,,,,,,,,0,0,0,0,0,0,,,,,,0
20219,编织,318,,,,,,,,0,0,0,0,0,0,,,,,,0
20220,复苏,319,,,,,,,,0,0,0,0,0,0,,,,,,0
20221,推进,320,,,,,,,,0,0,0,0,0,0,2,,,,1,0
20222,魅惑,321,,,,,,,,0,0,0,0,0,0,2,,,,0,0
20223,自然气息,322,,,,,,,,0,0,0,0,0,0,1,,,,0,0
20224,自然气息,323,,,,,,,,0,0,0,0,0,0,1,,,,0,30
20225,死亡气息,324,,,,,,,,0,0,0,0,0,0,1,,,,0,0
20226,邪恶魔法,325,,,,,,,,0,0,0,0,0,0,2,2,,0,0,0
20227,竭心光环,326,,,,,,,,0,0,0,0,0,0,2,2,,0,0,0
20228,邪恶召唤,327,,,,,,,,0,0,0,0,0,0,1,2,,0,0,0
20229,邪恶魔法,328,,,,,,,,0,0,0,0,0,0,2,2,,0,0,30
20230,回音重踏,329,,,,,,,,0,0,0,0,0,0,2,2,,0,0,0
20231,先祖之魂,330,,,,,,,,0,0,0,0,0,0,2,2,,0,0,0
20232,自然秩序,331,,,,,,,,0,0,0,0,0,0,2,2,,0,1,0
20233,裂地者,332,,,,,,,,0,0,0,0,0,0,1,2,,0,0,0
20234,裂地者,333,,,,,,,,0,0,0,0,0,0,2,2,,0,1,30
20235,怒击,334,,,,,,,,0,0,0,0,0,0,2,2,,0,1,0
20236,治疗,335,,,,,,,,0,0,0,0,0,0,2,2,,0,0,0
20237,斧头攻击,336,,,,,,,,0,0,0,0,0,0,2,2,,0,0,0
20238,怒击,337,,,,,,,,0,0,0,0,0,0,2,2,,0,0,0
20239,雷击,338,,,,,,,,120,0,0,0,22500,75,2,2,,0,1,30
20240,暴风,339,,,,,,,,120,0,0,0,22500,75,2,2,,0,1,0
20241,天崩地裂,340,,,,,,,,0,0,0,0,0,0,2,,,,0,30
20242,地刺,341,,,,,,,,0,0,0,0,0,0,2,,,,0,0
20243,捶地,342,,,,,,,,0,0,0,0,0,0,2,,,,0,0
20244,踏地,343,,,,,,,,0,0,0,0,0,0,2,,,,0,0
20245,陨石,344,,,,,,,,0,0,0,0,0,0,2,,,,0,0
20246,地刺,345,,,,,,,,0,0,0,0,0,0,2,,,,1,0
20247,天崩地裂,346,,,,,,,,0,0,0,0,0,0,2,,,,0,0
20248,加血效果,347,,,,,,,,0,0,0,0,0,0,2,,,,0,0
20249,加血效果,348,,,,,,,,0,0,0,0,0,0,1,,,,0,30
20250,加血效果,349,,,,,,,,0,0,0,0,0,0,1,,,,0,0
20251,跳刀闪烁,350,,,,,,,,40,25,,,350,35,2,2,,0,0,4
20252,巨浪,351,,,,,,,,60,40,0,0,2500,250,2,2,,0,0,12
20253,海妖外壳,352,,,,,,,,90,15,0,0,19999.5,199.5,1,2,,0,0,1
20254,锚击,353,,,,,,,,240,200,0,0,5500,550,2,2,,0,0,30
20255,毁灭,354,,,,,,,,90,15,0,0,0,0,1,2,,0,0,1
20256,毁灭,355,,,,,,,,0,0,0,0,0,0,2,,,,1,0
20257,龙息,356,,,,,,,,0,0,0,0,0,0,2,,,,0,0
20258,神龙在天,357,,,,,,,,0,0,0,0,0,0,2,,,,0,0
20259,龙族血统,358,,,,,,,,0,0,0,0,0,0,1,,,,0,30
20260,真龙之身,359,,,,,,,,0,0,0,0,0,0,1,,,,0,0
20261,,360,,,,,,,,0,0,0,0,0,0,2,2,,0,1,0
20262,龙息,361,,,,,,,,0,0,0,0,0,0,2,2,,0,0,0
20263,神龙在天,362,,,,,,,,0,0,0,0,0,0,2,2,,0,0,0
20264,龙族血统,363,,,,,,,,0,0,0,0,0,0,2,2,,0,1,30
20265,真龙之身,364,,,,,,,,0,0,0,0,0,0,2,2,,0,1,0
20266,真龙之身,365,,,,,,,,60,40,0,0,1250,125,2,2,,0,1,12
20267,淘汰之刃,366,,,,,,,,150,100,2000,200,0,0,2,2,,0,0,10
20268,狂战士的怒吼,367,,,,,,,,0,0,0,0,0,0,1,2,,0,0,24
20269,反击螺旋,368,,,,,,,,90,60,450,45,450,45,2,2,,0,0,30
20270,狂人战士,369,,,,,,,,0,0,0,0,0,0,1,2,,0,0,24
20271,战争饥渴,370,,,,,,,,50,30,0,0,800,80,2,2,,0,0,6
20272,沟壑,371,,,,,,,,30,25,0,0,750,75,2,2,,0,0,6
20273,加强图腾,372,,,,,,,,180,30,0,0,36000,360,1,2,,0,0,1
20274,回音击,373,,,,,,,,250,210,0,0,4500,450,2,2,,0,0,30
20275,神牛,374,,,,,,,,180,30,0,0,36000,360,1,2,,0,0,1
20276,神牛,375,,,,,,,,0,0,0,0,0,0,2,2,,0,0,0
20277,幽灵船,376,,,,,,,,0,0,0,0,0,0,2,2,,0,0,0
20278,洪流,377,,,,,,,,0,0,0,0,0,0,2,2,,0,0,0
20279,退潮,378,,,,,,,,0,0,0,0,0,0,2,2,,0,0,30
20280,潮汐之怒,379,,,,,,,,0,0,0,0,0,0,2,2,,0,0,0
20281,潮汐之怒,380,,,,,,,,0,0,0,0,0,0,2,2,,0,0,0
20282,风暴之锤,381,,,,,,,,0,0,0,0,0,0,1,2,,0,0,0
20283,战吼,382,,,,,,,,0,0,0,0,0,0,2,2,,0,0,0
20284,雷霆挥击,383,,,,,,,,0,0,0,0,0,0,1,2,,0,0,30
20285,神之力,384,,,,,,,,0,0,0,0,0,0,1,2,,0,0,0
20286,巨力,385,,,,,,,,0,0,0,0,0,0,2,1,,1,0,30
20287,奔袭冲撞,386,,,,,,,,50,30,0,0,1600,160,2,,,0,0,6
20288,荆棘光环,387,,,,,,,,0,0,0,0,0,0,2,,,0,1,12
20289,马蹄践踏,388,,,,,,,,0,0,0,0,0,0,1,,,0,0,0
20290,暴走,389,,,,,,,,0,0,0,0,0,0,1,,,0,0,0
20291,暴走,390,,,,,,,,180,160,0,0,5000,500,2,2,2,0,1,30
20292,洗礼,391,,,,,,,,90,15,0,0,15000,150,1,2,,0,0,15
20293,信仰圣光,392,,,,,,,,0,0,0,0,0,0,2,2,,0,0,15
20294,退化光环,393,,,,,,,,40,25,0,0,500,50,2,2,2,0,0,8
20295,守护天使,394,,,,,,,,90,15,0,0,15000,150,1,2,,0,0,15
20296,守护天使,395,,,,,,,,0,0,0,0,0,0,2,2,,0,1,0
20297,原始咆哮,396,,,,,,,,0,0,0,0,0,0,2,2,,0,1,0
20298,野性之斧,397,,,,,,,,0,0,0,0,0,0,2,2,,0,0,0
20299,野性之心,398,,,,,,,,0,0,0,0,0,0,2,2,,0,1,30
20300,野性之力,399,,,,,,,,0,0,0,0,0,0,2,2,,0,1,0
20301,野性之力,400,,,,,,,,15,4.5,3000,0,0,0,2,2,,0,0,15
20302,酸性喷雾,401,,,,,,,,0,0,0,0,0,0,2,2,,0,0,15
20303,不稳定物,402,,,,,,,,7.5,3,3750,0,0,0,2,2,,0,0,15
20304,地精贪婪,403,,,,,,,,15,4.5,3750,0,0,0,2,2,,0,0,15
20305,超级新星,404,,,,,,,,7.5,3,4500,0,0,0,2,2,,0,0,15
20306,超级新星,405,,,,,,,,15,4.5,3000,0,0,0,2,2,,0,0,15
20307,冥火暴击,406,,,,,,,,52.5,22.5,45000,450,45000,450,2,2,1,0,0,20
20308,吸血光环,407,,,,,,,,37.5,15,30000,300,30000,300,2,2,1,0,0,15
20309,致命一击,408,,,,,,,,37.5,15,7500,75,7500,75,2,2,,0,0,15
20310,重生,409,,,,,,,,37.5,15,7500,75,7500,75,2,2,,0,0,15
20311,重生,410,,,,,,,,37.5,15,7500,75,7500,75,2,2,,0,0,10
20312,末日,411,,,,,,,,37.5,15,7500,75,7500,75,2,2,,0,0,15
20313,焦土,412,,,,,,,,37.5,15,7500,75,7500,75,2,2,,0,0,15
20314,熔岩,413,,,,,,,,0,0,0,0,0,0,2,2,,0,0,100
20315,杀戮,414,,,,,,,,0,0,0,0,0,0,2,2,,0,0,100
20316,杀戮,415,,,,,,,,0,0,0,0,0,0,2,2,,0,0,100
20317,鱼人碎击,416,,,,,,,,0,0,0,0,0,0,2,2,,0,0,30
20318,三叉戟,417,,,,,,,,30,22.5,0,0,150,15,2,2,,0,0,10
20319,重击,418,,,,,,,,0,0,0,0,0,0,1,2,,0,0,30
20320,伤害加深,419,,,,,,,,15,10,50,5,0,0,2,2,,0,0,6
20321,伤害加深,420,,,,,,,,75,60,0,0,2000,200,2,2,,0,1,30
20322,雷霆一击,421,,,,,,,,0,0,0,0,0,0,1,2,,0,0,30
20323,醉酒云雾,422,,,,,,,,27.5,17.5,0,0,750,75,2,2,,0,0,6
20324,醉步,423,,,,,,,,30,20,200,20,0,0,2,2,,0,0,10
20325,元素分离,424,,,,,,,,0,0,0,0,0,0,1,2,,0,0,30
20326,元素分离,425,,,,,,,,0,0,0,0,0,0,2,2,,0,0,30
20327,火焰爆轰,426,,,,,,,,0,0,0,0,0,0,1,2,,0,0,30
20328,引燃,427,,,,,,,,40,25,0,0,1250,125,2,2,,0,0,6
20329,嗜血,428,,,,,,,,60,40,400,40,0,0,2,2,,0,1,10
20330,多重施法,429,,,,,,,,0,0,0,0,0,0,1,2,,0,0,30
20331,多重施法,430,,,,,,,,0,0,0,0,0,0,2,2,,0,0,30
20332,残影,431,,,,,,,,0,0,0,0,0,0,1,2,,0,0,30
20333,电子涡流,432,,,,,,,,125,90,3500,350,0,0,2,2,,0,0,30
20334,超负荷,433,,,,,,,,0,0,0,0,0,0,2,2,,0,1,12
20335,球状闪电,434,,,,,,,,30,17.5,600,60,0,0,1,2,,0,0,8
20336,球状闪电,435,,,,,,,,0,0,0,0,0,0,1,2,,0,0,15
20337,幻象法球,436,,,,,,,,45,7.5,7500,75,0,0,1,2,,0,0,15
20338,新月之痕,437,,,,,,,,40,30,0,0,350,35,2,2,,0,1,12
20339,相位转移,438,,,,,,,,25,20,200,20,0,0,2,2,,0,1,8
20340,梦境缠绕,439,,,,,,,,90,75,0,0,2000,200,2,2,,0,1,30
20341,梦境缠绕,440,,,,,,,,45,7.5,4500,45,0,0,1,2,,0,0,1
20342,霜冻新星,441,,,,,,,,45,7.5,4500,45,0,0,1,2,,0,0,1
20343,冰霜护甲,442,,,,,,,,100,90,0,0,3250,325,2,2,,0,1,30
20344,邪恶祭祀,443,,,,,,,,60,40,0,0,1500,150,2,2,,0,0,8
20345,连环霜冻,444,,,,,,,,40,30,0,0,1500,150,2,2,,0,1,10
20346,连环霜冻,445,,,,,,,,45,7.5,7500,75,0,0,1,2,,0,0,1
20347,神蚀,446,,,,,,,,45,7.5,7500,75,0,0,1,2,,0,0,1
20348,奥弹,447,,,,,,,,30,20,0,0,1500,150,2,2,,0,1,12
20349,通灵,448,,,,,,,,37.5,6,5625,56.25,0,0,2,,,,0,18
20350,禁锢,449,,,,,,,,110,90,3000,300,0,0,2,,,,0,8
20351,禁锢,450,,,,,,,,90,75,2750,275,0,0,2,,,,0,30
20352,致命连接,451,,,,,,,,0,0,0,0,0,0,1,,,,1,15
20353,暗言术,452,,,,,,,,0,0,0,0,0,0,2,,,,1,30
20354,剧变,453,,,,,,,,0,0,0,0,0,0,2,,,,0,0
20355,混乱之雨,454,,,,,,,,0,0,0,0,0,0,2,,,,1,0
20356,混乱之雨,455,,,,,,,,0,0,0,0,0,0,1,,,,0,0
20357,暗影突袭,456,,,,,,,,0,0,0,0,0,0,1,,,,0,0
20358,暗影闪烁,457,,,,,,,,30,20,500,50,500,50,2,,,0,0,8
20359,女王魅影,458,,,,,,,,0,0,0,0,0,0,1,,,0,0,1
20360,超声冲击,459,,,,,,,,0,0,0,0,0,0,1,,,0,0,16
20361,超声冲击,460,,,,,,,,0,0,0,0,0,0,2,,,0,0,30
20362,激光,461,,,,,,,,0,0,0,0,0,0,1,,,0,0,1
20363,导弹追踪,462,,,,,,,,90,75,0,0,2000,200,2,2,,0,1,30
20364,炮塔打击,463,,,,,,,,40,30,750,75,0,0,2,2,,0,0,6
20365,再装填,464,,,,,,,,0,0,0,0,0,0,1,2,,0,0,12
20366,再装填,465,,,,,,,,0,0,0,0,0,0,1,2,,0,0,0
20367,强袭飓风,466,,,,,,,,0,0,0,0,0,0,1,2,,0,0,0
20368,寒冰之墙,467,,,,,,,,0,0,0,0,0,0,2,,,,1,0
20369,天火陨石,468,,,,,,,,0,0,0,0,0,0,2,,,,0,0
20370,超震声波,469,,,,,,,,0,0,0,0,0,0,,,,,,0
20371,超震声波,470,,,,,,,,0,0,0,0,0,0,2,,,,0,30
20372,束缚箭,471,,,,,,,,0,0,0,0,0,0,2,,,,0,0
20373,箭雨,472,,,,,,,,40,40,0,0,400,40,2,2,,0,1,8
20374,风行,473,,,,,,,,0,0,0,0,0,0,2,2,,0,0,15
20375,集中火力,474,,,,,,,,100,100,2500,250,0,0,2,2,,0,0,30
20376,集中火力,475,,,,,,,,0,0,0,0,0,0,1,2,,0,0,120
20377,弧形闪电,476,,,,,,,,97.5,22.5,22500,225,0,0,2,2,,0,0,0
20378,闪电链击,477,,,,,,,,0,0,0,0,0,0,2,0,,0,1,30
20379,静电场,478,,,,,,,,0,0,0,0,0,0,2,,,,0,0
20380,雷霆万钧,479,,,,,,,,0,0,0,0,0,0,2,,,,1,0
20381,雷霆万钧,480,,,,,,,,0,0,0,0,0,0,2,,,,0,0
20382,发芽,481,,,,,,,,0,0,0,0,0,0,2,,,,0,0
20383,传送,482,,,,,,,,0,0,0,0,0,0,2,,,,1,30
20384,自然之力,483,,,,,,,,0,0,0,0,0,0,2,,,,0,0
20385,自然之怒,484,,,,,,,,0,0,0,0,0,0,1,,,,1,0
20386,自然之怒,485,,,,,,,,0,0,0,0,0,0,2,,,,0,0
20387,暗影波,486,,,,,,,,0,0,0,0,0,0,2,,,,0,0
20388,薄葬,487,,,,,,,,27.5,25,390,39,0,0,2,2,,0,0,8
20389,毒指,488,,,,,,,,45,37.5,0,0,1400,140,2,2,,0,0,14
20390,编织,489,,,,,,,,0,0,0,0,0,0,1,2,,0,0,20
20391,编织,490,,,,,,,,0,0,0,0,0,0,2,2,,0,0,30
20392,复苏,491,,,,,,,,0,0,0,0,0,0,1,2,,0,0,20
20393,推进,492,,,,,,,,0,0,0,0,0,0,,,,,,0
20394,魅惑,493,,,,,,,,0,0,0,0,0,0,,,,,,0
20395,自然气息,494,,,,,,,,0,0,0,0,0,0,,,,,,0
20396,自然气息,495,,,,,,,,0,0,0,0,0,0,,,,,,0
20397,死亡气息,496,,,,,,,,0,0,0,0,0,0,,,,,,0
20398,死亡脉冲,497,,,,,,,,0,0,0,0,0,0,,,,,,0
20399,竭心光环,498,,,,,,,,0,0,0,0,0,0,,,,,,0
20400,邪恶召唤,499,,,,,,,,0,0,0,0,0,0,,,,,,0
20401,邪恶召唤,500,,,,,,,,0,0,0,0,0,0,,,,,,0
20402,回音重踏,501,,,,,,,,0,0,0,0,0,0,,,,,,0
20403,先祖之魂,502,,,,,,,,0,0,0,0,0,0,,,,,,0
20404,自然秩序,503,,,,,,,,0,0,0,0,0,0,,,,,,0
20405,裂地者,504,,,,,,,,0,0,0,0,0,0,,,,,,0
20406,裂地者,505,,,,,,,,0,0,0,0,0,0,,,,,,0
20407,寒冰突刺,506,,,,,,,,0,0,0,0,0,0,,,,,,0
20408,元素召唤,507,,,,,,,,0,0,0,0,0,0,2,2,,0,0,0
20409,寒冰屏障,508,,,,,,,,0,0,0,0,0,0,1,2,,0,0,0
20410,潜能透支,509,,,,,,,,0,0,0,0,0,0,2,2,,0,0,0
20411,冰霜桎梏,510,,,,,,,,0,0,0,0,0,0,2,2,,0,0,30
20412,寒冰突刺,511,,,,,,,,0,0,0,0,0,0,2,2,,0,0,0
20413,元素召唤,512,,,,,,,,0,0,0,0,0,0,2,,,0,0,10
20414,寒冰屏障,513,,,,,,,,0,0,0,0,0,0,2,,,,0,12
20415,潜能透支,514,,,,,,,,0,0,0,0,0,0,2,,,,0,0
20416,冰霜桎梏,515,,,,,,,,0,0,0,0,0,0,2,,,,0,30
20417,巨浪,516,,,,,,,,0,0,0,0,0,0,2,,,,0,0
20418,海妖外壳,517,,,,,,,,40,30,300,30,0,0,2,,,0,0,6
20419,锚击,518,,,,,,,,125,110,3000,300,0,0,2,1,,0,0,10
20420,毁灭,519,,,,,,,,45,7.5,7500,75,0,0,1,,,0,0,15
20421,海妖外壳,520,,,,,,,,0,0,0,0,0,0,2,,,0,0,30
20422,龙息,521,,,,,,,,45,7.5,7500,75,0,0,1,,,0,0,15
20423,神龙摆尾,522,,,,,,,,0,0,0,0,0,0,2,2,,0,1,0
20424,龙族血统,523,,,,,,,,0,0,0,0,0,0,2,2,,0,0,0
20425,真龙之身,524,,,,,,,,0,0,0,0,0,0,2,2,,0,0,0
20426,龙族血统,525,,,,,,,,0,0,0,0,0,0,2,2,,0,0,30
20427,龙息,526,,,,,,,,0,0,0,0,0,0,2,2,,0,0,0
20428,神龙摆尾,527,,,,,,,,0,0,0,0,0,0,2,2,,0,0,0
20429,龙族血统,528,,,,,,,,0,0,0,0,0,0,2,2,,0,,0
20430,真龙之身,529,,,,,,,,0,0,0,0,0,0,2,2,,0,0,0
20431,龙族血统,530,,,,,,,,0,0,0,0,0,0,2,2,,0,1,30
20432,淘汰之刃,531,,,,,,,,0,0,0,0,0,0,2,2,,0,1,0
20433,怒吼,532,,,,,,,,80,62.5,1500,150,0,0,2,1,,0,0,15
20434,反击螺旋,533,,,,,,,,0,0,0,0,0,0,2,2,,0,0,10
20435,战争饥渴,534,,,,,,,,0,0,0,0,0,0,1,2,,0,0,20
20436,狂人战士,535,,,,,,,,140,125,2500,250,0,0,2,1,,0,0,30
20437,沟壑,536,,,,,,,,0,0,0,0,0,0,1,2,,0,0,20
20438,加强图腾,537,,,,,,,,0,0,0,0,0,0,2,,,,1,0
20439,回音击,538,,,,,,,,0,0,0,0,0,0,2,,,,1,0
20440,神牛,539,,,,,,,,0,0,0,0,0,0,1,,,,0,0
20441,神牛,540,,,,,,,,0,0,0,0,0,0,2,,,,0,30
20442,幽灵船,541,,,,,,,,0,0,0,0,0,0,2,,,,0,0
20443,洪流,542,,,,,,,,0,0,0,0,0,0,,,,,,0
20444,退潮,543,,,,,,,,0,0,0,0,0,0,,,,,,0
20445,潮汐使者,544,,,,,,,,0,0,0,0,0,0,,,,,,0
20446,潮汐之怒,545,,,,,,,,0,0,0,0,0,0,,,,,,30
20447,风暴之锤,546,,,,,,,,0,0,0,0,0,0,,,,,,0
20448,战吼,547,,,,,,,,0,0,0,0,0,0,2,2,,0,0,0
20449,雷霆挥击,548,,,,,,,,0,0,0,0,0,0,2,2,,0,0,0
20450,神之力,549,,,,,,,,0,0,0,0,0,0,2,2,,0,0,0
20451,巨刃,550,,,,,,,,0,0,0,0,0,0,2,2,,0,0,30
20452,奔袭冲撞,551,,,,,,,,0,0,0,0,0,0,2,2,,0,0,0
20453,荆棘光环,552,,,,,,,,80,60,0,0,2500,250,2,2,,0,1,30
20454,马蹄践踏,553,,,,,,,,0,0,0,0,0,0,2,2,,0,0,10
20455,暴走,554,,,,,,,,0,0,0,0,0,0,1,2,,0,0,1
20456,暴走,555,,,,,,,,30,22.5,300,30,0,0,2,2,,0,1,7
20457,洗礼,556,,,,,,,,0,0,0,0,0,0,1,2,,0,0,1
20458,信仰圣光,557,,,,,,,,30,22.5,250,25,0,0,2,2,,0,0,12
20459,退化光环,558,,,,,,,,30,22.5,275,27.5,0,0,2,2,,0,0,8
20460,守护天使,559,,,,,,,,0,0,0,0,0,0,1,2,,0,0,1
20461,信仰圣光,560,,,,,,,,90,75,0,0,1750,175,2,2,,0,1,30
20462,原始咆哮,561,,,,,,,,0,0,0,0,0,0,1,2,,0,0,1
20463,野性之斧,562,,,,,,,,0,0,0,0,0,0,2,2,,0,1,0
20464,野性之心,563,,,,,,,,0,0,0,0,0,0,2,2,,0,0,0
20465,野性之力,564,,,,,,,,0,0,0,0,0,0,2,2,,0,0,0
20466,野性之力,565,,,,,,,,0,0,0,0,0,0,2,2,,0,0,30
20467,酸性喷雾,566,,,,,,,,0,0,0,0,0,0,2,2,,0,0,0
20468,不稳定物,567,,,,,,,,0,0,0,0,0,0,1,,,,0,0
20469,地精贪婪,568,,,,,,,,0,0,0,0,0,0,2,,,,0,0
20470,超级新星,569,,,,,,,,0,0,0,0,0,0,2,,,,1,0
20471,超级新星,570,,,,,,,,0,0,0,0,0,0,1,,,,0,30
20472,冥火暴击,571,,,,,,,,0,0,0,0,0,0,1,,,,0,0
20473,吸血光环,572,,,,,,,,0,0,0,0,0,0,2,2,,0,0,0
20474,致命一击,573,,,,,,,,0,0,0,0,0,0,2,2,,0,0,0
20475,重生,574,,,,,,,,0,0,0,0,0,0,1,2,,0,0,0
20476,致命一击,575,,,,,,,,0,0,0,0,0,0,2,2,,0,0,30
20477,末日,576,,,,,,,,0,0,0,0,0,0,2,2,,0,0,0
20478,焦土,577,,,,,,,,45,7.5,7500,75,0,0,2,2,,0,0,15
20479,熔岩,578,,,,,,,,45,7.5,7500,75,0,0,2,2,,0,0,15
20480,杀戮,579,,,,,,,,45,7.5,7500,75,0,0,,,,,,15
20481,杀戮,580,,,,,,,,0,0,0,0,0,0,2,2,,0,0,30
20482,鱼人碎击,581,,,,,,,,0,0,0,0,0,0,2,2,,0,0,60
20483,三叉戟,582,,,,,,,,45,7.5,7500,75,0,0,2,2,,0,0,10
20484,重击,583,,,,,,,,45,7.5,7500,75,0,0,2,2,,0,0,10
20485,伤害加深,584,,,,,,,,45,7.5,7500,75,0,0,,,,,,10
20486,伤害加深,585,,,,,,,,0,0,0,0,0,0,2,2,,0,0,60
20487,雷霆一击,586,,,,,,,,0,0,0,0,0,0,2,2,,0,0,60
20488,醉酒云雾,587,,,,,,,,0,0,0,0,0,0,,,,,,0
